pred_label,title,description,postDate
경제,[사진]두산건설 '명품하우징대상' 일반 아파트 최우수상,오세욱 두산건설 PR담당 상무가 25일 서울 중구 프레스센터에서 열린 머니투데이 주최 '2025 대한민국 명품하우징대상' 시상식에서 일반 아파트 부문 최우수상을 수상한 뒤 강호병 머니투데이 대표와 기념촬영을 하고...,2025-08-25 15:39:00
경제,"한전, 글로벌 스마트그리드 경진대회 수상",글로벌 스마트그리드협회 특별대상 수상한 한국전력공사. 한전 제공. 한국전력은 25일 부산 벡스코(BEXCO)... 한전은 국제스마트그리드행동네트워크가 주는 우수상과 글로벌 스마트그리드협회가 주는 특별대상을 각각...,2025-08-25 14:52:00
경제,"양희원 현대차∙기아 R&D본부장, 오토모티브 뉴스 올스타 '제품 개발 부...",올해는 약 35명의 수상자가 발표됐다. 양희원 사장은 '제품 개발(Product Development) 부문' 수상자로 선정됐다. 그는 수십 년간 차량 개발 현장을 이끌며 현대차∙기아의 글로벌 연구개발(R&D) 역량을 강화하는 데...,2025-08-25 09:36:00
경제,"유니클로, 글로벌 앰배서더로 아카데미 수상 배우 '케이트 블란쳇' 발탁","유니클로(UNIQLO)는 아카데미상, BAFTA(영국 아카데미 시상식), 골든 글로브상을 수상한 배우인 케이트 블란쳇(Cate Blanchett)을 글로벌 브랜드 앰배서더로 선정하고 파트너십을 체결했다고 25일 밝혔다....",2025-08-25 13:24:00
사회,"구리시, 2025년 이미용업 공중위생서비스 수준 평가 실시",베스트 업소 표지판 지원 및 우수영업자 표창으로 모범사례 확산 구리시(시장 백경현)는 시민이 안심하고... 영업자를 표창하고 미흡 업소에 대해서는 재평가와 맞춤형 위생 컨설팅을 통해 개선을 지원한다. 백경현...,2025-08-25 22:52:00
사회,고흥군 '2025년 보육 교직원 한마음 대회' 개최,"1부 기념식에서는 보육유공자 표창과 축사가 진행됐으며, 2부에서는 개그우먼 조승희 씨의 ‘보육교사를 위한 힐링 토크 콘서트’가 열려 보육 교직원들에게 위로와 힐링의 시간을 선사했다. 또한 이날 행사에서는...",2025-08-25 23:22:00
사회,"성북구, 청년친화헌정대상 종합대상 수상…올해 네 번째","종합대상을 수상해 2019년 종합대상, 2021년 소통대상, 2023년 정책대상에 이어 네 번째로 상을 받게 됐다. 올해는 적극적인 청년친화정책 추진과 주체적인 청년참여기구 운영이 종합적으로 평가돼 종합대상을 수상했다....",2025-08-25 07:52:00
사회,"고대보과대 이민우 교수, 임상검사과학회 공헌상 수상","상을 수상했다. 이번 세미나에서 이민우 교수는 대한임상검사과학회 대외협력이사로서, K-헬스미래추진단 등을 비롯한 외부 단체와 MOU 추진은 물론 학회 발전 및 위상 제고에 이바지 한 공로를 인정받아 수상의 영광을...",2025-08-25 09:00:00
사회,"봉화군, 매니페스토 경진대회 공동체 강화 최우수상…사람과초록 발표...",경상북도 봉화군이 ‘2025 전국 기초단체장 매니페스토 우수사례 경진대회’에서 공동체 강화 분야 최우수상을 수상했다. 봉화군은 ‘주민과 청년이 만든 변화 – 봉화형 공동체 회복 모델’을 주제로 다양한 정책과...,2025-08-25 10:41:00
사회,"우미건설, K-디자인 어워드 2025 수상","K-디자인 어워드 2025를 수상한 오산세교 우미린 센트럴시티의 중앙정원 '수(水), 목(木), 원(圓)' 전경. 사진... 심사했으며, 수상작은 엄격한 평가 과정을 거쳐 선정됐다. 우미건설은 최근 브랜드 '린(Lynn)' 리뉴얼 이후...",2025-08-25 10:50:00
사회,"배우 이상윤, 제3회 인류애실천 분중문화상 대상 수상","인류애실천분중문화재단과 국민일보가 공동 주최한 이번 시상식은 8월 25일 수상자를 공식 발표했다.... 특별상 수상자 6명을 포함해 총 64명이 수상했다. 총상금은 4억2천100만 원 규모이며, 기독언론문화상 수상자 상금...",2025-08-25 11:32:00
사회,"농식품부, 제14회 대한민국 김치품평회 9개 수상제품 발표","올해 수상제품으로 선정·발표했다. 김치의 품질 향상과 산업경쟁력 강화를 위해 올해로 14회째 개최되는... 수상 제품은 전문가와 일반 소비자가 심사위원이 되어 실시하는 관능평가, 생산시설의 위생사항을 점검하는...",2025-08-25 12:56:00
사회,"대구 송정초·반송초·손동우 교사, ‘행복한 함께학교 미담사례 공모전...",1명이 수상하는 영예를 안았다고 25일 밝혔다.이번 공모전은 학교 현장에서 일어난 따뜻한 실천과 감동의... 소개했다.수상 학교와 교사에게는 부총리 겸 교육부장관상이 수여되며 선정된 학교에는 ‘함께학교’ 현판도...,2025-08-25 13:40:00
사회,개청 55돌 관세청 “모든 관세행정업무 국민 중심으로 추진”,"이번 기념식은 본청 국장과 소속 기관장, 직원 등이 참석한 가운데 장관표창 5명, 청장표창 5명 등 총 10명의 수상자들이 표창을 받으며 공로를 인정받았다. 이명구 관세청장은 “관세청은 그동안 국가재정 확보와 마약...",2025-08-25 09:22:00
사회,"삼립, '2025 레드 닷 어워드' 브랜드 커뮤니케이션 디자인 부문 '최우수...",삼립은 '브랜드 커뮤니케이션 디자인(Brand&Communiucation Design)' 부문 '최우수상(Best of the Best)' 1건과 '본상(Winner)' 3건을 수상했다. 출품작 상위 1%에만 수여되는 최우수상은 제주도의 감성을 담은 베이커리 '모먼트 제주...,2025-08-25 14:16:00
사회,아세아항공직업전문학교 박재원 교수 서정대학교에서 최우수상 수상,아세아항공직업전문학교 스마트안전진단계열 박재원 교수가 지난 20일 서정대학교 2025학년도 강의우수교원 시상식에서 최우수상을 수상했다. 2019년부터 경기도 양주시에 있는 서정대학교(총장 양영화)...,2025-08-25 14:32:00
사회,"충청북도 태권도인, 「2025 자랑스러운 태권도인 상」 수상",충청북도 태권도계 인사들이 국내·외 태권도 발전에 기여한 공로를 인정받아 세계태권도 본부 국기원에서 선정하는「2025 자랑스러운 태권도인 상 시상식」에서 영예로운 수상자로 선정됐다. 이번 시상식은 지난 8월 28일...,2025-08-25 14:44:00
사회,"부산대학교, 개교 80주년 기념 이모티콘 공모전 수상작 발표","개최하고, 수상자에 대한 시상식을 지난 21일 발전재단 회의실에서 개최했다고 25일 밝혔다. 이번 카카오톡... 이모티콘 공모전에는 총 11개 작품이 출품된 가운데, 1차 내부 심사와 2차 온라인 투표를 거쳐 최우수상에...",2025-08-25 15:12:00
사회,"우미건설, ‘K-디자인 어워드 2025’ 수상","디자인 상 중 하나로, 대만의 ‘골든핀 디자인 어워드’, 홍콩의 ‘디자인 포 아시아 어워드’와 함께 3대 디자인 어워드로 꼽힌다. 10개국 이상, 37명 이상의 국제 심사위원단이 시장성과 디자인 완성도를 중심으로 수상...",2025-08-25 15:14:00
사회,춘천시 '2025년 디지털정부 혁신 유공' 데이터기반행정 실태 점검 결과...,춘천시가 ‘2025년 디지털정부 혁신 유공’ 데이터기반행정 실태 점검 결과 향상도 우수기관으로 도내 유일 선정되면서 25일 장관 표창을 받았다. 이번 수상은 춘천시가 짧은 기간 내 데이터 기반 행정혁신에 괄목할...,2025-08-25 22:42:00
사회,"청주동부소방서, Best Safe On 대원 표창·포상 수여",▲ Best Safe On 대원으로 선정된 청주동부소방서 대원들./청주동부소방서 제공 충북 청주동부소방서는 25일 'Best Safe On 대원'으로 선정된 대원에게 표창·포상을 수여했다. Best Safe On 대원 선정은 현장 활동에 적극...,2025-08-25 20:08:00
사회,"광주시, ‘광주다움 통합돌봄’ 한국정책대상 대상 수상",대상을 수상했다.(사진) 이로써 ‘광주다움 통합돌봄’은 2023년... 정책대상을 수상했다고 밝혔다. ‘한국정책대상’은 행정·정책 분야 최대 규모 학술단체인...,2025-08-25 23:20:00
사회,"한국해양대, 1학기 우수강의자 8명 표창","국립한국해양대학교는 최근 대학본부 정책회의실에서 '2025학년도 1학기 우수강의자 표창장 수여식'을... 이날 표창을 받은 우수강의자는 전임교원 4명, 비전임교원 4명 등 총 8명이다. 수상자에게는 총장 명의의 표창장과...",2025-08-25 18:24:00
사회,중랑구정연구단 미세먼지 저감 등 주민 체감형 정책 구현,매주 ‘중랑 주간 이슈 앤 진단’ 운영… 데이터 기반 정책 개선 본격화 미세먼지 저감 등 상반기 13건의 정책 진단 및 개선안 도출 우수자원봉사단체 표창 [헤럴드경제=박종일 선임기자]중랑구(구청장 류경기)는 주요...,2025-08-25 09:23:00
사회,"광진소방서, ‘이달의 일꾼’에 서울시장 표창장 수여",  광진소방서(서장 박용호)는 ‘이달의 일꾼’으로 선정된 소방공무원에게 서울시장 표창장을 수여했다고 지난 22일 밝혔다. 영광의 표창 대상자는 지휘팀의 김건영 소방장이다. 소방서에 따르면 김건영 소방장은 평소...,2025-08-25 09:54:00
사회,롯데칠성음료 | ESG 경영 성과로 대통령 표창,그 결과 지난 6월 25일 정부세종청사에서 열린 ‘제30회 환경의 날 기념 환경보전 유공 정부포상’ 수여식에서 진정성 있는 친환경 활동 공적을 인정받아 대통령 표창을 받았다. 롯데칠성음료는 지난해 먹는샘물...,2025-08-25 10:31:00
사회,"NS홈쇼핑, 거창군장학회에 지역인재 육성 장학금 1000만원 기탁",이날 행사에서는 사과 풍년을 기원하는 기원제를 시작으로 ▲유공자 표창 ▲장학금 기부 ▲초매 선포식 등과 함께 사과 경매 시연과 가공식품 전시 등 다양한 부대행사가 진행됐다. ▲ 조항목 NS홈쇼핑 대표이사가...,2025-08-25 11:06:00
사회,"경상국립대 제길수 팀장, 정부 모범공무원 포상",경상국립대학교 제길수 연구실안전관리팀장이 2025년 상반기 모범공무원으로 선정돼 국무총리 표창을 수상했다. 권진회 총장은 지난 20일 대학본부 접견실에서 모범공무원 정부 포상을 전수했다. 제길수 팀장은...,2025-08-25 13:28:00
사회,제주서 9월 1∼7일 양성평등주간 행사…토크콘서트·특강,"1부 문화공연에 이어 2부 본행사에서는 유공자 표창, 주제 영상 상영, 기념사·축사, 퍼포먼스가 진행된다. 행사장에서는 제주도 여성단체협의회, 여성인권상담소·시설협의회, 여성새로일하기센터 등이 참여해 정책...",2025-08-25 15:01:00
사회,"부산울산병무청, 8월 '이달의 모범 사회복무요원' 3명 선정",김태현 사회복무요원(왼쪽)이 25일 정보애 공감데이케어센터장으로부터 모범 사회복무요원 표창을 전수받은 뒤 기념사진을 찍고 있다. [사진=부산울산병무청] 2025.08.25 공감데이케어센터는 부산 기장군에 위치한...,2025-08-25 15:07:00
사회,"김동연 ""하반기 '통큰 세일'…민생 살리기 이어간다""","행사에서는 전통시장 활성화 유공자에게 표창을 수여하고, 우수상인 등에 감사패를 전달했다. 전통시장 알기 OX 게임, 체육대회 및 레크레이션, 동아리 축하공연 등 다양한 프로그램이 진행됐다. '경기도 상인의 날...",2025-08-25 15:18:00
사회,"안산시, 산림청 주관 제12회 나라꽃 무궁화 명소 최우수상 수상 영예",▲ 이민근 안산시장(중앙)이 제12회 나라꽃 무궁화 명소 시상식에서 최우수상을 수상한 뒤 관계자들과 기념 촬영을 하고 있다 /사진제공=안산시 경기 안산시(시장 이민근)는 제12회 나라꽃 무궁화 명소 시상식에서...,2025-08-25 15:36:00
사회,"도봉구, 9월 첫 주 ‘양성평등주간’ 개막…박지선 교수 특강 등 다채","▲ 도봉구,오언석,양성평등 지난해 양성평등 유공자 표창 수여자 단체 사진. 사진=도봉구청 양성평등주간... 기념식은 에테르노의 성악 축하 공연을 시작으로, 양성평등 유공자 표창, 명사 특강이 이어진다. 유공자...",2025-08-25 15:48:00
사회,"창원시 이·통장연합회, 한마음 다짐대회…1900명 모였다","행사는 우수 이·통장 표창 수여와 함께 특례시 지원 특별법 조기 제정 촉구 등을 결의하는 시민 공감 캠페인도 진행됐다. 이현임 이·통장연합회장은 ""이번 행사가 이·통장이 한 자리에 모여 창원시 발전을 향한 뜻을 더욱...",2025-08-25 15:57:00
사회,"농촌지도자 고창군연합회, 전북도 한마음대회 참가","심원면 이계주 회원 전북도지사 표창 수상 전북 고창군농촌지도자연합회는 지난 22일 장수군... 특히 이번 대회에서 심원면 이계주 회원이 전북도지사 표창을 수상하며 고창군 농업인의 위상을 높였으며, 심원면 김광준...",2025-08-25 16:13:00
사회,"충남도, 청년이 일하고 싶은 기업 찾는다","25일 도에 따르면 이는 임금, 복지, 일과 삶의 균형 등 고용환경이 우수한 도내 중소·중견기업을 발굴·선정해 도지사표창과 현판을 수여한다. 대상은 도내 본사·생산시설·연구소 등을 둔 직원 10인 이상 중소...",2025-08-25 16:38:00
사회,"대전 중구, 제3기 소셜미디어 서포터즈 발대식",이날 발대식에서는 제2기 서포터즈 우수 활동자에 대한 유공 표창과 제3기 서포터즈 위촉장 수여가 진행됐다. 또 서포터즈의 원활한 활동을 위한 구청장과의 소통도 이뤄졌다. 제3기 서포터즈는 블로그·사진·영상 등 총...,2025-08-25 16:44:00
사회,"중랑구 면목제3·8동 주민센터, ‘만원동행’··· 취약계층에 맛있는...","▲ 지난 6월, 우수 자원봉사자 표창수여식에 참석한 류경기 중랑구청장의 모습.(사진=중랑구청 제공)  서울 중랑구(구청장 류경기) 면목제3·8동 주민센터가 지역 이웃공동체의 나눔 실천을 강화하기 위해 ‘만원동행’...",2025-08-25 16:52:00
사회,인천경제청 ‘2025년 외국인 한국어 말하기 대회’참가자 모집…모집기...,"예선을 거쳐 총 12명의 본선 진출자가 선발되며, 이 중 5명의 수상자에게는 시장 표창과 상금이 수여된다. 대상 수상자에게는 70만 원의 상금이 수여될 예정이다. 지난해에는 총 20명이 참가 신청했으며, 우즈베키스탄...",2025-08-25 17:12:00
사회,"산림청, 백두대간법 20주년 '성과·미래' 머리 맞댔다","유공 표창을 받았다. 이미라 산림청 차장은 ""이번 심포지엄은 백두대간의 보호 필요성, 가치를 제고하는 소중한 시간이었다""며 ""논의된 의견을 종합 검토하고 정책에 반영해 지역과 상생하는 백두대간이 되도록 보전과...",2025-08-25 17:18:00
사회,"김해시여성단체협의회, 여수시 방문 '우수사례' 공유",방문은 김해시가 2023년 여성친화도시조성 우수기관으로 대통령 표창을 받은 것을 계기로 작년 여수시여성단체협의회가 김해시를 방문한 인연을 이어가기 위해 마련됐다. 두 도시는 여성친화도시라는 공통점을 가지고...,2025-08-25 17:56:00
사회,"청도군, 상반기 민원처리 우수공무원 표창…“군민 체감 서비스 향상 기...","이번 표창은 민원 업무 최일선에서 군민과 직접 소통하며 따뜻한 봉사정신으로 행정 신뢰도를 높이고, 군민 만족도 향상에 기여한 직원에게 수여됐다. 특히 군민이...",2025-08-25 17:58:00
사회,"진천군, 독립유공자 유족 초청 오찬 간담회 개최","이날 참석한 독립유공자 유족들은 일제의 국권 침탈에 항거하다 옥고를 치르거나 사망했으며, 건국훈장과 건국포장, 대통령 표창을 포상받은 독립유공자의 후손들로 현재 군에는 11명이 거주하고 있다. 송기섭 진천군수의...",2025-08-25 18:04:00
사회,이승기 3대 군 복무 가문 표창…광복절 의미 더한 SNS 공개,"사진에는 태극기와 함께 병역명문가 표창이 담긴 묘소 사진이 실려 있어 눈길을 끌었다. 표창에는 이승기 할아버지부터 아버지, 본인의 이름까지 3대의 군 복무 내역이 기록돼 있다. 병역명문가는 정부가 2004년부터...",2025-08-25 15:50:00
사회,"세종시의회, 100회기 기념 의정발전 유공자 시상",1팀)에게 표창을 수여했다. 세종시의회는 100회 임시회 종료 후 본회의장에서 100회기 기념 의정발전 유공자 시상식을 열어 지방의회 본연의 핵심 기능 수행으로 의정발전에 기여한 26명(개인 25명·단체 1팀)에게 표창을...,2025-08-25 20:00:00
사회,"도봉구, 9월 첫 주 '양성평등주간' 다채로운 기념행사 개최",2024년 양성평등 유공자 표창 수여자 단체 사진. 제공=도봉구청 서울 도봉구(구청장 오언석)가 오는 9월... 15명에게 표창이 수여된다. 기념식에서는 박지선 숙명여자대학교 교수가 명사특강에 나서 '스토킹 범죄자의...,2025-08-25 07:58:00
사회,"강동구, ‘2025 건강 실천 영상 공모전’ 수상작 9편 선정","▲ 강동구,이수희,강동구 건강 실천 영상 공모전 대상 수상작. 사진=강동구청 서울 강동구(이수희 구청장)는 「2025 건강 실천 영상 공모전」을 개최해 총 9편의 수상작을 선정했다고 밝혔다. 이번 공모전은 지난 6월...",2025-08-25 17:20:00
사회,"[GJ포토] 윤채영, '미스어스 코리아 2025 엔터테이너상 수상'","수상자 윤채영, 시상자 청담에이스 클리닉 김형우 원장, 가수 그렉 / ⓒ이대웅 기자 '미스어스 코리아 2025' 선발대회가 지난 20일 오후 서울 강남구 엘리에나호텔에서 열렸다. 이날 시상식에서 엔터테이너상을 수상한...",2025-08-25 21:08:00
사회,"[GJ포토] 박진주, '미스어스 코리아 2025 베스트 탤런트상 수상'","▲ 베스트 탤런트상 수상자 박진주, 시상자 2025 미스수프라내셔널 코리아 위너 유현정, 미스터 인터내셔널... 이날 시상식에서 베스트 탤런트상을 수상한 박진주가 2025 미스수프라내셔널 코리아 위너 유현정, 미스터...",2025-08-25 20:52:00
사회,"대구 북구, 제35회 북구민상 수상자 선정",배광식 북구청장은 “북구민상은 전 구민의 귀감이 되는 우리 지역의 진정한 봉사자를 발굴해 드리는 영예로운 상”이라며 “구정 발전과 주민 화합을 위해 솔선수범해 지역사회의 귀감이 되어주신 구민상 수상자분들께...,2025-08-25 20:32:00
사회,세계일보 사회부 안경준 기자…변협 우수언론인상 수상,세계일보 사회부 안경준(사진) 기자가 대한변호사협회 우수언론인상을 수상했다. 대한변협은 25일 서울 장충동 신라호텔에서 2025년도 ‘법의 지배를 위한 변호사대회’를 열고 안 기자 등 5명에게 우수언론인상을...,2025-08-25 20:11:00
사회,"청주중앙초 김진우 어린이, 전국웅변스피치대회 대상 수상",김진우 어린이는 지난 23일 충남 천안시 독립기념관에서 국가보훈부 서을지방보훈처 주최로 열린 대회에서 대상을 수상해 교육부장관상을 받았다. 이날 김진우 어린이는 '거룩한 선택'을 연제로 청중들의 큰 호응과...,2025-08-25 20:08:00
사회,충북태권도협 이시용·신광철 '2025 자랑스러운 태권도인 상',"［동양일보 김민환 기자］ ▲ (왼쪽)이시용 충북태권도협회 부회장,신광철 충북태권도협회 교육분과위원장 이시용 충북태권도협회 부회장과 신광철 교육분과위원장이 국기원 선정 2025 '자랑스러운 태권도인 상' 수상자로...",2025-08-25 20:00:00
사회,"연세대 김준 교수, 美 NASA '특별 공로훈장' 수상","EPSM)'을 수상했다. 이 상은 NASA가 외부 인사에게 수여하는 최고 등급의 훈장으로, NASA 임무와 목표... 김준 교수는 수상 소감에서 ""이번 수상은 개인의 영예라기보다는 NASA, 환경부...",2025-08-25 18:06:00
사회,무주군 제41회 군민의장 수상자 발표,무주군은 25일 제41회 군민의장 수상자를 발표했다. 무주군민의장은 무주군의 명예를 드높이고 지역사회... 황인홍 군수는“군민의장은 군민이 인정하고 수여하는 상”이라며“올해도 각 분야에서 지역과 주민을 위해...,2025-08-25 19:36:00
사회,"대전평생학습관, 학부모재능나눔단 교육부장관상 수상",대전 학부모재능나눔단이 교육부장관상을 수상했다. 25일 대전평생학습관에 따르면 학부모재능나눔단은 최근 정부세종컨벤션센터에서 개최된 '행복한 함께학교 미담사례 공모전 시상식'에서 학부모 부문 교육부장관상을...,2025-08-25 18:54:00
사회,"전북대학교 오규환 교수, 제6회 학범 박승빈 국어학상 수상","부문을 수상했다고 밝혔다. 시상식은 8월 19일 강원대학교 춘천캠퍼스 인문대학 2호관 108호에서 열렸으며, 수상자에게는 각 부문별로 1만 달러의 연구비가 전달됐다. 오 교수는 경희대 이선웅 교수, 한남대 문병열 교수와...",2025-08-25 18:14:00
사회,"국민대 주관 HUSS 환경컨소시엄, 2025 HUSS 해커톤·AI 경진대회 최우수...","최우수상(부총리 겸 교육부 장관상)을 수상했다고 25일 밝혔다. 교육부와 한국연구재단이 주관한 이번 캠프는 지난 8월 18일부터 20일까지 경기 광주 곤지암 리조트에서 2박 3일간 열렸으며, 전국 41개 대학 300여 명의...",2025-08-25 17:48:00
사회,"경력단절 여성의 재도약 이야기, 2025년 공모전 수상작 선정","최종 수상작 16건을 선정했다고 25일 밝혔다. 이번 공모전은 대구여성인력개발센터 주관으로 지난 6월... 최우수상은 글 부문 김수진 씨의 '쉼표였던 시간, 마침표가 되지 않기를', 콘텐츠 부문은 이수지 씨의 '흐르는 나...",2025-08-25 17:00:00
사회,포항시 시민상 수상자 '한자리에',"포항시 시민상 수상자회가 25일 '2025년 시민상 수상자 환영 오찬'을 가졌다. 이날 행사에는 박만천 포항 시민상 수상자회장, 올해 시민상 수상자인 임학진 포항수협 조합장, 송방차랑 유니코정밀화학 대표, 원법사 해운...",2025-08-25 18:34:00
사회,"목원대 이민재 교수, 한국경영학회 '매경신진학자 논문상' 수상",논문상 수상. 목원대 이민재 교수(왼쪽 첫 번째) 쇠퇴하는 산업도 새로운 길을 찾을 수 있다는... 논문상'을 수상하며 학문적 성과를 인정받았다. 매경신진학자 논문상은 경영 분야에서 창의성과...,2025-08-25 15:52:00
사회,"대전관광공사, '숏폼 챌린지' 촤우수상 수상",대전관광공사가 '2025 코리아 영마이스 앰배서더 총회'에서 숏폼 챌린지 최우수상을 수상했다. 한국MICE협회가 주최한 이번 총회는 전국 11개 MICE 서포터즈 200여명이 모여 진행된 청년 MICE 인재 네트워킹...,2025-08-25 16:02:00
사회,"칠곡경북대병원 혈액종양내과 이인희 교수, 항암요법연구 '우수연구자상...","(1등)'을 수상했다. 칠곡경대병원에 따르면 이번 워크숍은 전국의 혈액종양내과 연구자들이 참여해 향후... 이인희 교수는 ""이번 수상을 계기로 자궁내막암 환자들을 위한 새로운 치료 옵션 개발에 한 걸음 더 나아갈...",2025-08-25 21:34:00
사회,현대차·기아 양희원 사장-현대차 랜디 파커 CEO 2025 오토모티브 뉴스 ...,부문' 수상자로 선정됐다. 그는 차세대 통합 플랫폼 개발로 현대차·기아 라인업 대응 효율화와 생산성... 양희원 사장은 “이번 수상은 현대차·기아 R&D 본부 전체의 역량과 헌신이 반영된 결과”라며 “앞으로도...,2025-08-25 23:20:00
사회,"익산시, 민간기록물 수집공모전 성료…37명 수상, 1,600여 점 기록물 접...","익산시는 제5회 민간기록물 수집공모전 '익산군이 이리양을 만났을 때' 수상자 37명을 선정했다고 25일 밝혔다. 최종 수상자로 대상 1명, 최우수상 3명, 우수상 11명, 장려상 22명이 결정됐다. 이번 공모전에는 65명의...",2025-08-25 16:50:00
사회,"무주군, 제41회 군민의장 수상자 4명 발표",무주군이 지난 25일 제41회 군민의장 수상자를 발표했다. '무주군민의장'은 무주군의 명예를 드높이고... 부문의 수상자를 선정·시상하고 있다. 올해는 전체 후보자 17명 중 '산업근로장'과 '환경장'을 제외한 4개 부문에서...,2025-08-25 16:48:00
사회,박두철 동해 Sea.P.R 대표 자원봉사 우수사례 발표 최우수상,박두철 동해 Sea.P.R(Sea Protection & Restoration) 대표가 지난 23일 강원정보문화산업진흥원에서 열린 '2025 자원봉사 우수사례 발표대회'에서 수중정화 봉사 사례를 발표해 최우수상을 수상했다. 박두철 대표는 현직...,2025-08-25 23:01:00
사회,"선문대, ‘2025 HUSS 융합캠프’ 해커톤·숏폼 공모전 우수상 수상",선문대 글로벌 공생 인문사회 융합인재양성(HUSS) 사업단이 2025 인문사회 융합인재양성사업 융합캠프에서 해커톤 경진대회와 숏폼(Short-form) 영상 공모전에서 총 3건의 우수상(한국연구재단 이사장상)을 수상했다. 사진...,2025-08-25 16:36:00
IT과학,네오위즈 인디 '생태계 강화' 결실···'안녕서울:이태원편' 게임스컴 ...,"게임상을 수상했다. 이 어워드는 유니티, 게임 메이커, 베스트 뮤직 등 6개 부문에서 뛰어난 인디게임을... 작년 부산인디커넥트페스티벌(BIC)에서 일반부문 대상(그랑프리)과 아트 상을 수상하며 작품성과 대중성을...",2025-08-25 13:52:00
IT과학,"한국줄기세포학회, '차광렬 학술상' 제정",학회는 서울 스위스그랜드호텔에서 열린 '2025년 연례학술대회'에서 첫 수상자로 서울대학교 약학과 차혁진... 'DNA 손상 반응 및 복구 경로의 이중 억제를 통한 hPSC 유전체 편집 향상' 연구로 수상하게 됐다....,2025-08-25 19:34:00
IT과학,"서울대병원 췌장담도외과, 유럽 로봇 수술 연구상 수상",장진영 교수는 “이번 수상은 서울대병원의 췌장암 임상 경험과 연구 역량이 세계적 수준임을 보여준다”며 “로봇 수술이 췌장암 환자의 장기 생존 향상에 기여한다는 점에서 큰 의미가 있다”고 말했다....,2025-08-25 16:06:00
IT과학,삼성전자·존스홉킨스대학 '차세대 펠티어 냉각 기술'로 2025 R&D 어워드 ...,"성공했다고 수상 이유를 밝혔다. 또, 연구팀은 기존과 완전히 다른 반도체 박막 증착 방식의 생산 공정을... 어워드'를 수상하게 돼 큰 영광""이라며 ""차세대 펠티어 냉각 기술이 혁신성과 실용성을 동시에...",2025-08-25 16:30:00
IT과학,"인공지능팩토리·노르마, ‘제1회 퀀텀 AI 경진대회’ 종료… 7개 팀 수...",최종 심사 결과 ▲대상(노르마상)은 ‘서울대공돌이들’ ▲최우수상(인공지능팩토리상)은 ‘SPAM’ ▲우수상(전주대학교상)은 ‘치토스’ ▲장려상(아토리서치상)은 ‘QAILab’ 팀이 각각 수상했다. 이 외에도...,2025-08-25 13:43:00
IT과학,"덕성여대, 2025 HUSS 융합캠프 해커톤 최우수상 수상","최우수상(부총리 겸 교육부장관상)을, AI 경진대회 부문에서 장려상(HUSS 사업 협의회장상)을 수상했다고 밝혔다. 2025 HUSS 융합캠프 해커톤 부문 최우수상(부총리 겸 교육부장관상최우수상) 및 AI 경진대회 부문 장려상...",2025-08-25 14:06:00
IT과학,게임스컴 출격한 한국 게임사들… 수상작은 없었다,드러냈으나 수상에는 실패했다. 탄탄한 게임성과 IP 파워를 갖춘 글로벌 게임사들과의 경쟁에서 한국 게임이... 올해 게임스컴 어워드 수상작 중 한국 게임은 하나도 없었다. 펄어비스의 붉은 사막이 4개 부문 후보에...,2025-08-25 12:42:00
IT과학,"ITZY, 중화권 사로잡아…'2025 TIMA'서 글로벌 퍼포먼스상 수상","이어' 수상의 영예를 안았다. 지난 23일 진행된 '2025 TIMA'는 중국 최대 음악 플랫폼을 보유한 텐센트 뮤직 엔터테인먼트가 주최하는 음악 행사로, ITZY는 수상 후 ""좋은 상을 받게 돼 영광이다. 더 좋은...",2025-08-25 21:20:00
세계,연방정부 보건센터 품질인증 이웃케어클리닉 5개부문 수상,이웃케어클리닉이 연방 정부가 수여하는 지역 보건센터 품질 인증 시상에서 5개의 상을 수상했다고 지난... 분야에서 수상했다고 밝혔다. 이웃케어클리닉 측은 “상위 11~20%에 속하는 우수 보건센터에게만 수여되는 해당...,2025-08-25 14:44:00
정치,"김정은, 러 파병 전사자 추모…유족 품에 안고 위로","국가표창을 수여하며 대규모 예우 행사를 진행했다. ◆ 김정은, 파병 군인에 영웅 칭호…""우리 군대, 어떤 적도 무너뜨린다"" 북한 노동당 기관지 노동신문은 22일 인민군 해외작전부대 지휘관과 전투원들에 대한 국가표창...",2025-08-25 13:54:00
생활문화,"'트롯거성' 이찬원, '2025 뉴시스 한류엑스포' 글로벌 네티즌상 '트로트...",'트롯거성' 이찬원이 '2025 뉴시스 한류엑스포' 글로벌 네티즌상 '트로트 스타상'을 수상한다. 오는 8월 28일... 올해로 7회를 맞이하는 '뉴시스 한류엑스포'는 글로벌 팬덤과 소통을 강화하기 위해 팬들이 수상자를...,2025-08-25 20:02:00
생활문화,"2025년 직지콘텐츠 공모전, 수상자 발표","심사 결과 시 부문 △대상: 김영욱 '직지라는 별' △최우수상: 박장흥 '발신:프랑스 국립도서관 동양문헌실' △우수상: 민예림 '무심천의 필체(筆體)'·박시윤 '홀림, 흥덕사의 문장-청주, 그 어느 겹겹의 저녁에서...",2025-08-25 20:00:00
생활문화,"은평구, '제9회 이호철통일로문학상' 개최···본상 현기영, 특별상 김...","제9회 수상작가는 문학, 학술, 언론 등 각계 전문가로 구성된 이호철통일로문학상 운영위원회와 본상... 제9회 이호철통일로문학상 본상 수상자 현기영은 제주도를 대표하는 작가로 1941년 제주도에서 태어났다. 어린...",2025-08-25 20:56:00
생활문화,제3회 경남아동문학상에 동시 이현주·동화 정현진,﻿이현주 경남아동문학인협회가 주관하는 제3회 경남아동문학상 신인상 수상자로 이현주(동시 부문)·정현진(동화 부문) 작가가 선정됐다. 동시 부문 수상작은 이현주 작가의 '분수'이다. 심사위원들(이동배 심사위원장...,2025-08-25 21:52:00
생활문화,"김승옥문학상, 7년 연속 여성작가...최은미 단편 '김춘영'","대산문학상, 현대문학상, 한국일보문학상, 허균문학작가상, 현대불교문학상, 젊은작가상을 수상했다. 대상 상금은 5000만 원이다. 김승옥문학상 우수상에는 강화길 '거푸집의 형태', 김인숙 '스페이스 섹스올로지...",2025-08-25 21:48:00
생활문화,제3회 2025 직지콘텐츠 공모전 수상자 발표,"청주고인쇄박물관이 주최하고 (사)세계직지문화협회가 주관한 '2025년 직지콘텐츠 공모전' 수상작이... 시상금은 시·수필 부문 대상 200만원, 최우수상 100만원, 우수상 50만원, 장려상 20만원이며, 입선작에는 상장이...",2025-08-25 19:02:00
생활문화,"부산 레드카펫 달군 이수현, 국제 OTT 어워즈 라이징 스타상 수상 ""큰 영...","스타상을 수상하며 현장을 뜨겁게 달궜다. 국제스트리밍페스티벌은 22일부터 25일까지 4일간 영화의전당과 파라다이스호텔에서 진행되며, 글로벌 OTT 산업의 현재와 미래를 조망하는 행사다. 수상 직후 무대에 오른...",2025-08-25 18:44:00
생활문화,"이수현, 연기 데뷔하더니 큰 상까지 덥석","각각 수상하며 2관왕을 기록했다. 의 사카구치 켄타로는 남자 주연배우상을 수상하며 작품성과 연기력을 동시에 인정받았다. 한국과 일본을 오가며 촬영한 신선한 영상미와 감각적인 연출, 그리고 사카구치의 섬세한...",2025-08-25 18:34:00
생활문화,"NHE윈드오케스트라, 제49회 대한민국관악경연대회 일반부 '최우수상' 쾌...",신천지예수교회 'NHE윈드오케스트라'가 제49회 대한민국관악경연대회에서 일반부 최우수상을 수상하며 창단 이후 첫 공식 대외 무대에서 눈부신 성과를 거뒀다. 이번 수상은 오케스트라 단원들의 음악적 역량과...,2025-08-25 23:18:00
생활문화,"'선의의 경쟁' 정수빈, 글로벌OTT어워즈 여자신인상 수상..""저 혼자 해낸...",신인상을 수상했다. 정수빈은 지난 24일 부산 영화의전당 야외극장에서 개최된 국내 최대 스트리밍 축제 '2025 국제스트리밍페스티벌'의 '글로벌 OTT 어워즈'에서 STUDIO X+U '선의의 경쟁'으로 여자 신인상 부문을 수상했...,2025-08-25 15:22:00
생활문화,[중앙 시조 백일장 - 8월 수상작] 담쟁이 입 빌려 ‘스마트폰 중독’ 꼬...,"장원 모노포비아 송미아 모바일 없는 날은 담쟁이도 긴장한다 내 폰 돌려줘요. 폰 따라 오를 거예요 디지털 세상 복판에 너나없이 핸드폰 또르르 검지 새가 액정판에 노래한다 화면에 묻힌 채로, 돌아가야 할까 말까 낙지의...",2025-08-25 00:28:00
생활문화,"아이들, '2025 TIMA'서 '올해 최고 해외 아티스트' 수상","비즈엔터 맹선미 기자 | 그룹 i-dle (아이들)이 '2025 TIMA'서 '올해 최고 해외 아티스트'상을 수상했다. i... 아이들은 '2025 TIMA'에서 '올해 최고의 해외 아티스트상'을 수상하는 영예를 안았다. 멤버들은 ""정말...",2025-08-25 16:16:00
생활문화,"칸 황금종려상 ‘그저 사고였을 뿐’, 10월 1일 개봉",황금종려상을 수상한 거장 자파르 파나히 감독의 신작 ‘그저 사고였을 뿐’(It Was Just an Accident)이 오는... 황금종려상을 수상했다. 이번 수상으로 자파르 파나히 감독은 베니스국제영화제 황금사자상(2000년)과...,2025-08-25 14:36:00
생활문화,"'트롯거성' 이찬원, '2025 KM차트 시즌베스트 서머' 수상",(인기)를 수상했다. 지난 22일 글로벌 스탠더드 K팝 차트 'KM차트(케이엠차트)'는공식 유튜브 채널을 통해... 부문의 수상은 이찬원이 차지했다. 이 시대를 대표하는 다재다능한 올라운더로 통하는 이찬원은 TV조선...,2025-08-25 16:56:00
생활문화,2025통영문학상 수상자 4명 선정,올해 통영시문학상 수상작으로 청마문학상에 송재학 ‘습이거나 스페인’(문학과지성사)... 통영시문학상’ 수상작을 최종 선정했다고 24일 밝혔다. 통영시는 청마 유치환 시인의 문학적 업적을 기리기 위해 2000년...,2025-08-25 14:02:00
생활문화,경남수필문학상에 안순자 수필가,안순자 수필가가 제18회 경남수필문학상 수상자로 이름을 올렸다. 경남수필문학상은 경남수필문학협회가 주관하고 김윤숭 지리산문학관 관장이 후원한다. 협회는 올해 수상작으로 안 수필가의 △감사합니다 △사십...,2025-08-25 14:02:00
생활문화,박은빈X사카구치 켄타로 ‘글로벌OTT어워즈’ 주연배우상 수상,"배우 박은빈, 사카구치 켄타로가 '2025 국제스트리밍페스티벌 글로벌OTT어워즈' 주연배우 수상 영예를... (여)까지 수상하며 총 3관왕으로 최다 수상의 영예를 안았다. 염혜란 배우는 2024년 아시아 콘텐츠...",2025-08-25 17:16:00
생활문화,"제14회 대한민국 김치품평회, '참매실 새벽 알타리김치' 대상 수상","대상 수상작인 ㈜새벽팜의'참매실 새벽 알타리김치'**는 찹쌀풀과 찹쌀밥을 사용해 깊은 감칠맛을 냈으며, 전통 옹기에 저온 숙성한 매실청을 더해 깊은 맛을 구현했다는 점에서 높은 평가를 받았다. 최우수상은...",2025-08-25 13:06:00
생활문화,시산맥기후환경문학상 안명옥·김겨리 시인,"안명옥(왼쪽 사진) 시인과 김겨리(오른쪽) 시인이 제4회 시산맥기후환경문학상 공동 수상자로 선정됐다. 안 시인은 ‘플라스틱 러브’ 외 2편으로, 김 시인은 ‘허공 로드킬’ 외 2편으로 수상의 영예를 안았다. 이...",2025-08-25 11:49:00
생활문화,플레이브·TXT·이찬원·드림캐처·유겸·엔싸인·유니스..'2025 KM차트 시...,부문 수상의 영예는 플레이브의 'Dash(대시)'가 안았다. 이로써 플레이브는 'Dash'로 스프링에 이어 서머에서 연속으로 'BEST K-MUSIC'을 수상하며 2연속 수상의 주인공이 됐다. 'Dash'는 플레이브의 미니 3집 'Caligo Pt.1...,2025-08-25 18:16:00
생활문화,목포문학상 수상작 ‘노라의 뽄’ 악극으로 다시 태어나다,제9회 목포문학상 수상작이기도 하다. 작품은 개화기 시대 젊은 문학도를 남편으로 두고 자신의 삶을 치열하게 살았지만 사람들에게 잊혀졌던 한 여성의 이야기를 다룬다. 그녀는 ‘기억되지 못한 존재’로 남기를...,2025-08-25 17:28:00
생활문화,진해해군문학상 수상작가 권만희 북콘서트,"2025년 8월 22일 창원시 진해구에 자리 잡은 진해문화원에서 제2회 진해해군문학상 수상작(권만희 작 장편소설... 특히, 지난 2003년 출범한 진해해군문학상이 전국 공모전 형식으로 바뀐 이후에 첫 수상자가 본거지인...",2025-08-25 11:32:00
생활문화,집지킴이 신들의 유쾌한 활약... 가족극 '수상한 제삿날' 29일 공연,"조부모, 부모, 자녀 3대가 함께 관람할 수 있는 음악극 '수상한 제삿날'이 오는 29일부터 30일까지 이틀간 강동아트센터 소극장 드림에서 공연한다. 문화예술협동조합 아이야가 선보이는 생애주기별 공연 '수상한 3부작...",2025-08-25 17:36:00
생활문화,"토마토 지수 90%+아카데미상 9개 받은 세기의 명작, 10년 만에 극장에 다...",음악상 수상의 영광을 안겨준 작품이다. 사카모토 류이치 뿐만 아니라 영화 음악에는 미국의 전설적인 뉴웨이브 밴드인 '토킹 헤즈'의 데이비드 번과 중국인 음악가 충쑤가 참여했다. 할리우드 최정상급 위치에 있는 영화...,2025-08-25 09:47:00
생활문화,'폭싹 속았수다' 수상 질주 계속된다…글로벌OTT어워즈 3관왕,"특히 '폭싹 속았수다'는 올해 열린 콘텐트 시상식들에서 연거푸 최다 부문 후보작으로 노미네이트되고, 잇따른 수상 소식을 전하며 흥행과 작품성을 모두 잡은 작품으로 인정받고 있다. 실제로 '폭싹 속았수다'는 첫...",2025-08-25 17:50:00
생활문화,전남 '강진 반값여행'...전국 최초 '최우수상',이투데이=강진=한승하 기자 | 전남 강진군이 전국 최초로 시행한 관광정책 '강진 누구나 반값 여행'이 2025년 상반기 전라남 적극행정 경진대회에서 최우수상을 수상했다고 25일 밝혔다. '강진 누구나 반값 여행'은...,2025-08-25 08:22:00
생활문화,"로에베 크래프트 수상자, 정다혜 작가가 디자인 마이애미 전시에 참여한...",Q : 지난 2022년 로에베 재단 공예상에서 한국인 최초로 상을 수상했다. 수상작이자 대표작인 〈성실의 시간〉이라는 작품 이름처럼 촘촘하고 섬세한 직조 방식에 최근 변화가 보인다. A : 기법적으론 같다. 예전에는...,2025-08-25 08:02:00
생활문화,[잇슈 컬처] 에스파·아일릿 등 중국 음악 시상식 수상,"이날 '에스파'는 올해의 인터내셔널 그룹상과 인터내셔널 디지털 앨범상 등 3개 부문을 수상했고 그룹 '라이즈'와 'NCT 위시', 그리고 '아일릿'도 각각 수상자로 호명됐습니다. 이 밖에도 시상식엔 걸그룹 '하츠투하츠'와...",2025-08-25 06:48:00
생활문화,성민희 디카시 ‘비상의 순간’…황순원 공모전 최우수상 수상,"성민희(사진) 작가의 디카시 ‘비상의 순간’이 제9회 황순원 디카시작품공모전에서 최우수상을 받았다. 성... ‘미주문학상’을 수상했다. ‘미주문협’·‘재미수필협’ 이사, ‘가든문학’ 지도강사 및...",2025-08-25 04:20:00
생활문화,"비투비, 'K 월드 드림 어워즈' 리스너 초이스상 수상","초이스상'을 수상했다. 지난 21일 비투비는 서울 잠실실내체육관에서 열린 '2025 케이 월드 드림 어워즈... 이번 수상으로 이어졌다. 수상 직후 서은광은 ""훌륭한 시상식에서 멋진 아티스트들과 함께해 영광이다....",2025-08-25 01:16:00
스포츠,"'ERA 2.02' 105년 역사상 최고의 2년차 투수, 경쟁자 없는 사이영상 사실...","사이영상 수상자는 단 2명이다. 양 리그 통합 시상 시절이던 1960년 번 로, 그리고 30년 후인 1990년 더그 드라벡이 주인공들이다. 그런데 이후 35년 만에 피츠버그에서 세 번째 사이영상 수상자가 탄생할 것으로...",2025-08-25 12:39:00
스포츠,"‘사이영상을 향한 독주’ 스킨스, ‘무실점 7K HQS’ 완벽","지난해 신인왕에 이어 이번 해에는 사이영상 수상을 노리고 있는 폴 스킨스(23, 피츠버그 파이어리츠)가... 스킨스는 이대로 자신의 첫 번째 사이영상 수상을 향해 질주하게 될 전망이다. 조성운 동아닷컴 기자",2025-08-25 05:57:00
스포츠,"ML 최저 연봉투수가 사이영상 받나…ERA 압도적 1위, 전설들도 넘었다",스키네스는 또 '신인왕 수상 후 2년 차에 사이영상'에 도전한다. 역사상 드와이트 구든만 세웠던 대기록이다. 스킨스는 평균자책점 2.07과 함께 161이닝에서 탈삼진 181개를 기록 중이다. 평균자책점은 메이저리그...,2025-08-25 05:12:00
스포츠,'106년 역사상 1위' 23세 괴물 투수를 막을 수가 없다…커리어 50번째 경...,자연스레 사이 영 상 수상도 가까워지고 있다. 얼마 전에는 유력한 경쟁자였던 잭 윌러(필라델피아 필리스)가 혈전 문제에 이어 흉곽 출구 증후군 진단까지 받으며 시즌을 접었다. '1순위'가 스킨스임은 부정할 수...,2025-08-25 14:30:00
스포츠,"‘김기동의 황태자’ 황도윤, 마침내 프로 데뷔골까지 터졌다···“영...",황도윤은 “수상 욕심이 있는 게 사실”이라며 “내 자리에서 최선을 다하다 보면 상은 저절로 따라오지 않을까 싶다”고 말했다. 이어 “부상 없이 시즌을 마무리하고 싶다. 좋은 경기력이 공격 포인트로 나타났으면...,2025-08-25 10:55:00
스포츠,"""전설 리베라도 사이영상 못 받았다...불펜 홀대 이제 그만!"" 美 저명 기...",""" 미국야구기자협회(BBWAA)가 시상하는 '올해의 구원투수상' 신설을 이끈 주역, 제이슨 스타크 기자가 24일(한국시간) 장문의 칼럼을 통해 이번 상 신설의 필요성을 역설했다. 그는 스포츠 매체 디 애슬레틱에 게재한...",2025-08-25 07:00:00
